{"chunk_definitions":[{"chunk_id":"c7wh9ro8eh5tx","chunk_label":"unnamed-chunk-1","document_id":"F00522C5","expansion_state":0,"options":{"engine":"r","label":"unnamed-chunk-2"},"row":12,"row_count":1,"visible":true},{"chunk_id":"cx0ocaau7jo8w","chunk_label":"unnamed-chunk-2","document_id":"F00522C5","expansion_state":0,"options":{"engine":"r","label":"unnamed-chunk-3","warning":false},"row":39,"row_count":1,"visible":true},{"chunk_id":"cohwl1dluekjb","chunk_label":"unnamed-chunk-3","document_id":"F00522C5","expansion_state":0,"options":{"engine":"r","label":"unnamed-chunk-4"},"row":109,"row_count":1,"visible":true},{"chunk_id":"c2smauakwrlbk","chunk_label":"unnamed-chunk-4","document_id":"F00522C5","expansion_state":0,"options":{"engine":"r","label":"unnamed-chunk-5"},"row":131,"row_count":1,"visible":true},{"chunk_id":"cdojwaqui7jin","chunk_label":"unnamed-chunk-5","document_id":"F00522C5","expansion_state":0,"options":{"engine":"r","label":"unnamed-chunk-6"},"row":167,"row_count":1,"visible":true},{"chunk_id":"ctbvvaktskiys","chunk_label":"unnamed-chunk-6","document_id":"F00522C5","expansion_state":0,"options":{"engine":"r","label":"unnamed-chunk-7"},"row":178,"row_count":1,"visible":true},{"chunk_id":"cvykvx35bfsz8","chunk_label":"unnamed-chunk-7","document_id":"F00522C5","expansion_state":0,"options":{"engine":"r","label":"unnamed-chunk-1"},"row":210,"row_count":1,"visible":true},{"chunk_id":"c84jefrbpxf5v","chunk_label":"unnamed-chunk-8","document_id":"F00522C5","expansion_state":0,"options":{"engine":"r","eval":false,"label":"unnamed-chunk-3"},"row":227,"row_count":1,"visible":true},{"chunk_id":"co1joed4fwnzy","chunk_label":"unnamed-chunk-9","document_id":"F00522C5","expansion_state":0,"options":{"engine":"r","label":"unnamed-chunk-11"},"row":235,"row_count":1,"visible":true},{"chunk_id":"cudz6vtb7ivl4","chunk_label":"unnamed-chunk-10","document_id":"F00522C5","expansion_state":0,"options":{"engine":"r","error":true,"label":"unnamed-chunk-12"},"row":247,"row_count":1,"visible":true},{"chunk_id":"ce702n8yi7i47","chunk_label":"unnamed-chunk-11","document_id":"F00522C5","expansion_state":0,"options":{"engine":"r","label":"unnamed-chunk-14"},"row":283,"row_count":1,"visible":true}],"doc_write_time":1551225446}