"0",""
"0","opioid_calls <- "
"0","  "
"0","     opioid_calls_orig  %>%  "
"0","  "
"0","     select ( id = ""OBJECTID"","
"0","             incident_date = ""IncidentDate"","
"0","             dow = ""Day_of_Week_Sort"","
"0","             impression = ""Primary_Impression"","
"0","             narcan = ""Narcan/Naloxone Given"", "
"0","             age = Age,"
"0","             gender = Patient_Gender,"
"0","             asu_yn = Is_ASU_student,"
"0","             vet_yn = Is_Veteran,"
"0","             homeless_yn = Is_Homeles,"
"0","             special_population = Spec_Pop  "
"0","     )  "
"0","  "
"0",""
"0",""
