{"chunk_definitions":[{"chunk_id":"chh43kkmmu8u5","chunk_label":"unnamed-chunk-2","document_id":"154E6D18","expansion_state":0,"options":{"engine":"r","label":"unnamed-chunk-1"},"row":98,"row_count":1,"visible":true},{"chunk_id":"cvfobyt9fhrp8","chunk_label":"unnamed-chunk-3","document_id":"154E6D18","expansion_state":0,"options":{"engine":"r","label":"unnamed-chunk-1"},"row":117,"row_count":1,"visible":true},{"chunk_id":"c26k8jvpo1pkv","chunk_label":"unnamed-chunk-4","document_id":"154E6D18","expansion_state":0,"options":{"engine":"r","label":"unnamed-chunk-3"},"row":148,"row_count":1,"visible":true},{"chunk_id":"c3tnjzelfbodu","chunk_label":"unnamed-chunk-5","document_id":"154E6D18","expansion_state":0,"options":{"engine":"r","label":"unnamed-chunk-4"},"row":169,"row_count":1,"visible":true},{"chunk_id":"chypgd3ztncay","chunk_label":"unnamed-chunk-6","document_id":"154E6D18","expansion_state":0,"options":{"engine":"r","label":"unnamed-chunk-5"},"row":188,"row_count":1,"visible":true},{"chunk_id":"cda65pfasfp6t","chunk_label":"unnamed-chunk-7","document_id":"154E6D18","expansion_state":0,"options":{"engine":"r","label":"unnamed-chunk-6"},"row":203,"row_count":1,"visible":true},{"chunk_id":"cy303jylf9xdt","chunk_label":"unnamed-chunk-8","document_id":"154E6D18","expansion_state":0,"options":{"engine":"r","label":"unnamed-chunk-7"},"row":209,"row_count":1,"visible":true}],"doc_write_time":1551220737}